variable,year,mean,sd,lower,upper
b_t,1990,5695.48217181109,6790.65623266663,1254.49509376933,15865.8823612507
b_t,1991,1330.17349397312,1706.60526486594,219.84529257838,3919.11937446383
b_t,1992,1207.66659761006,1654.01643067842,176.68295360641,3592.17367943027
b_t,1993,1090.60620301755,1741.77758807125,186.265295672432,3179.74771443048
b_t,1994,884.277201066135,1408.84294925142,131.509877311869,2648.9142851237
b_t,1995,647.095731903709,995.216414756412,104.104714468996,1884.13712358166
b_t,1996,758.276033881939,1098.53676205029,143.561997997333,2434.4057116647
b_t,1997,497.888139710912,731.888099628039,86.2773257452845,1492.85303577721
b_t,1998,817.436808906071,1076.55786809716,153.418500363202,2408.93449580314
b_t,1999,1015.20957602889,1399.23412579334,164.347920601207,2961.86648396469
b_t,2000,1461.07750997984,2127.1126978571,255.484147964533,4511.55145123737
b_t,2001,2293.36718931633,3328.96086072148,403.017871292267,6413.69560700376
b_t,2002,3150.83058096439,4649.12423511799,564.380861129415,9031.38560091534
b_t,2003,2754.15492743203,4003.32281573765,474.383596413074,8377.93301227625
b_t,2004,3269.74664129773,4539.58534777519,571.443375018683,9510.20338492648
b_t,2005,3950.34215509496,5206.51593665923,610.237007625849,11806.5335538849
b_t,2006,3539.84565564716,6444.73619477484,521.467619421704,10067.0796846098
b_t,2007,3463.94422297912,5794.73726336275,536.540650261332,9994.40884690842
b_t,2008,4107.34073948482,6282.91981012893,664.506879692056,11913.6746635918
b_t,2009,4015.89934791212,6447.41353318552,570.950901484904,12139.2669490401
b_t,2010,3731.30652140107,5850.84128645535,568.810423734171,10762.7375382676
b_t,2011,6534.28410488537,9815.943576894,1088.64787594088,20118.4747228739
b_t,2012,5848.47520772952,7951.83805110518,979.333384156448,17351.1392604978
b_t,2013,7782.01760339268,10281.4498258325,1101.48755963095,23425.3572213762
b_t,2014,8705.44762210187,12642.1657800448,1325.95247407076,25980.6134936477
b_t,2015,9196.07630799656,12111.6308634479,1530.76722395769,27259.8358439113
b_t,2016,9507.53810400152,13139.6697532089,1439.42771342457,27410.9850562368
b_t,2017,10988.4572766482,15527.0807181745,1763.148746597,31308.2370642769
b_t,2018,10392.8689454445,14807.9214928531,1484.22601796972,30205.8676114329
b_t,2019,12409.1115736011,16505.270428499,1768.56178274321,36464.5073227829
b_t,2020,9631.95609742989,12603.1581698729,1553.55497303573,28481.2226186257
b_t,2021,10542.2367307404,16808.6245550182,1619.72675770305,31517.6516910977
bmsy,1990,4119.47629847117,4879.40451810014,892.482753252343,11780.8035019114
ck,1990,0.00903749847452783,0.00678051416057909,0.00161279383628009,0.0212889269538957
ck,1991,0.00404309142281508,0.00303338791394328,0.000721513032020039,0.00952399363726913
ck,1992,0.0116536164539964,0.00874329457548356,0.00207965520994011,0.0274515110721287
ck,1993,0.0116536164539964,0.00874329457548356,0.00207965520994011,0.0274515110721287
ck,1994,0.00903749847452783,0.00678051416057909,0.00161279383628009,0.0212889269538957
ck,1995,0.00451874923726391,0.00339025708028954,0.000806396918140044,0.0106444634769478
ck,1996,0.0156967078768115,0.0117766824894268,0.00280116824196015,0.0369755047093978
ck,1997,0.00261611797946858,0.00196278041490447,0.000466861373660025,0.00616258411823296
ck,1998,0.014269734433465,0.010706074990388,0.00254651658360014,0.0336140951903616
ck,1999,0.0130805898973429,0.00981390207452237,0.00233430686830013,0.0308129205911648
ck,2000,0.0154588789695871,0.0115982479062537,0.00275872629890015,0.0364152697895584
ck,2001,0.0309177579391742,0.0231964958125074,0.0055174525978003,0.0728305395791169
ck,2002,0.0554141353832891,0.0415752578793402,0.00988897273298054,0.130534736322571
ck,2003,0.0268746665163591,0.0201631078985641,0.00479593956578026,0.0633065459418477
ck,2004,0.034247362640316,0.0256945799769313,0.00611163980064033,0.0806738284568679
ck,2005,0.0482792681665566,0.0362222203841462,0.00861571444118047,0.11372768872739
ck,2006,0.0321069024752962,0.0240886687283731,0.00572966231310031,0.0756317141783136
ck,2007,0.0223559172790952,0.0167728508182746,0.00398954264764022,0.0526620824648999
ck,2008,0.0413822298570485,0.0310476174721253,0.0073848980924404,0.0974808760520487
ck,2009,0.0233072329079928,0.0174865891509671,0.00415931041988023,0.0549030221442573
ck,2010,0.0104644719178743,0.00785112165961789,0.0018674454946401,0.0246503364729319
ck,2011,0.0437605189292926,0.0328319633038566,0.00780931752304042,0.103083225250442
ck,2012,0.0254476930730126,0.0190925003995253,0.00454128790742025,0.0599451364228116
ck,2013,0.0290151266813788,0.0217690191471223,0.00517791705332028,0.068348660220402
ck,2014,0.0302042712175009,0.022661192062988,0.00539012676862029,0.0711498348195988
ck,2015,0.037101309527009,0.0278357949750089,0.00662094311736036,0.0873966474949402
ck,2016,0.0351986782692136,0.0264083183096238,0.00628140757288034,0.0829147681362253
ck,2017,0.0630246604144704,0.0472851645408805,0.0112471149109006,0.148462253757431
ck,2018,0.0508953861460251,0.0381850007990507,0.00908257581484049,0.119890272845623
ck,2019,0.101315114477601,0.076013132431755,0.018080267743561,0.238660075851568
ck,2020,0.0413822298570485,0.0310476174721253,0.0073848980924404,0.0974808760520487
ck,2021,0.0449496634654147,0.0337241362197223,0.00802152723834044,0.105884399849639
crashed,1990,0,0,0,0
delta,1990,100,0,100,100
dep_t,1990,0.692114741516982,0.0703058648186813,0.584989524556323,0.807590057678857
dep_t,1991,0.16245397957098,0.0713258804540288,0.0797359809259793,0.289061291796548
dep_t,1992,0.148334197216133,0.0707090963525663,0.0673319127058604,0.277109746256237
dep_t,1993,0.131893009801954,0.0640314607099779,0.0587071059174377,0.256547654902094
dep_t,1994,0.105939595340026,0.0540856717346963,0.0443866737778225,0.196507938638491
dep_t,1995,0.0779932231946101,0.0395941093635682,0.033975218424455,0.145426034733054
dep_t,1996,0.0942425540546836,0.0476972359530589,0.0417818840990685,0.177829281736105
dep_t,1997,0.0608000087058161,0.0291426257597771,0.0273187395012494,0.111312901158187
dep_t,1998,0.104516007652649,0.0516885901534887,0.044673261742739,0.201449546580269
dep_t,1999,0.127128444421504,0.0653698647625798,0.0540040728089484,0.246100913727941
dep_t,2000,0.179038943281112,0.0914516315576251,0.0764154667453181,0.334119122039472
dep_t,2001,0.288996233526817,0.162347343394267,0.123104465212824,0.559231500947345
dep_t,2002,0.394192508815685,0.205081049477192,0.164295672485732,0.773349215125599
dep_t,2003,0.333959803587652,0.156386970581097,0.143578543526007,0.619605404529766
dep_t,2004,0.406458632679414,0.214326953547546,0.168387345444456,0.780969323412779
dep_t,2005,0.489641526829103,0.246852166988366,0.208663376242239,0.947097547011635
dep_t,2006,0.416207473099519,0.214068844759277,0.177390421849437,0.777021891974572
dep_t,2007,0.407156292509567,0.19929059931467,0.182368716625478,0.799701451866758
dep_t,2008,0.499349751791123,0.261261823294353,0.204602702457926,0.949162900385254
dep_t,2009,0.479414375177794,0.24886549606839,0.193054012437812,0.93156657199968
dep_t,2010,0.444585637492213,0.219648165708994,0.188979872593749,0.825862231013397
dep_t,2011,0.802460118504756,0.409319625164296,0.313007061579896,1.57276521110777
dep_t,2012,0.710740738251152,0.310763585681246,0.316477725933833,1.26357033084755
dep_t,2013,0.945397850730518,0.397571090173035,0.422703187519877,1.68603417264104
dep_t,2014,1.01988998550056,0.40144971357913,0.489735987848367,1.72458743823244
dep_t,2015,1.12113463238099,0.424484888085127,0.525241293948681,1.89944486839235
dep_t,2016,1.12421288241236,0.410068406875309,0.546199472465796,1.85702861793473
dep_t,2017,1.30103778974082,0.436294766157823,0.654769878225885,2.03839512017949
dep_t,2018,1.20692638105848,0.427518760937467,0.596265623317316,1.93324565068678
dep_t,2019,1.45177431572587,0.435517038922317,0.757839543019197,2.15949933477776
dep_t,2020,1.14631408197352,0.429003446154809,0.554176331553576,1.92153384655349
dep_t,2021,1.26076750682395,0.605452111700678,0.529425820799774,2.40192423448911
growth_t,1990,0.125075590708554,0.0282943187706312,0.081136624527959,0.170290551538613
growth_t,1991,0.0783117156868123,0.0276415707577503,0.0419440080232066,0.126416907240602
growth_t,1992,0.0726675708935555,0.0287860133095449,0.0353011625062694,0.124298885529722
growth_t,1993,0.0662066779784324,0.0285852261251132,0.0309834587760598,0.122894660656905
growth_t,1994,0.0544331395635866,0.0244580342480595,0.0224557791850355,0.0982268641407922
growth_t,1995,0.0410507713530874,0.0212398160142955,0.0135105680676223,0.0784315757014379
growth_t,1996,0.0493600190715368,0.0236507047442188,0.0200409430937893,0.0928228273669229
growth_t,1997,0.0317370388463554,0.017613632378227,0.00838417900059739,0.0611576007934037
growth_t,1998,0.0541704659652996,0.0253297902445072,0.0222360422228357,0.100849558270569
growth_t,1999,0.0636243426744749,0.0273734228627024,0.0288680299325363,0.113936717826595
growth_t,2000,0.0829931916298903,0.0311724750627505,0.0401231638063076,0.138810143564802
growth_t,2001,0.107632776716088,0.0451678995516385,0.0572380266923376,0.166119579451837
growth_t,2002,0.118223993581953,0.0581773550912881,0.0632766638411262,0.175501989290895
growth_t,2003,0.118796446655486,0.0368217396081578,0.0680913870538206,0.173846788200259
growth_t,2004,0.116532101329583,0.0709152757861827,0.0646056987980036,0.177018481046349
growth_t,2005,0.114447214346868,0.092853761547543,0.0271470036029076,0.182296764249807
growth_t,2006,0.118826401614307,0.079026684733404,0.0683362405782601,0.178571786183451
growth_t,2007,0.121044505497708,0.0452211893648033,0.0687608776608404,0.178117548555495
growth_t,2008,0.109256394050034,0.107129915370624,0.0217670340382985,0.1772847096841
growth_t,2009,0.112135573227405,0.0953317053898753,0.0345391238810526,0.179413307584137
growth_t,2010,0.119705998507347,0.0712890719332725,0.0675490932116312,0.180041254938213
growth_t,2011,-0.00398508546822,0.294128111041174,-0.527596009234799,0.174222491651157
growth_t,2012,0.0679933055209043,0.167317517881977,-0.19287972187232,0.178022673502681
growth_t,2013,-0.0588168434864359,0.309390675307572,-0.674919081195891,0.169861292844757
growth_t,2014,-0.0974189917376007,0.326582936039873,-0.700827287527919,0.167433207028441
growth_t,2015,-0.179124038505855,0.384428514095113,-0.955027524551053,0.157033310251092
growth_t,2016,-0.169781562898575,0.36021654490786,-0.907414606962756,0.159060693399467
growth_t,2017,-0.325398042942418,0.43492199393899,-1.15742899334723,0.142614814112127
growth_t,2018,-0.239159606993267,0.395960579903808,-1.0259616306695,0.154985586293237
growth_t,2019,-0.477916060285946,0.479886571143957,-1.36703046466115,0.116389534959937
growth_t,2020,-0.190963744782103,0.385216457315185,-0.95608741637673,0.15470825774885
growth_t,2021,-0.412766835362004,0.930782472532166,-1.97665100799408,0.157358055904526
index_hat_t,1990,5695.48217181109,6790.65623266663,1254.49509376933,15865.8823612507
index_hat_t,1991,1330.17349397312,1706.60526486594,219.84529257838,3919.11937446383
index_hat_t,1992,1207.66659761006,1654.01643067842,176.68295360641,3592.17367943027
index_hat_t,1993,1090.60620301755,1741.77758807125,186.265295672432,3179.74771443048
index_hat_t,1994,884.277201066135,1408.84294925142,131.509877311869,2648.9142851237
index_hat_t,1995,647.095731903709,995.216414756412,104.104714468996,1884.13712358166
index_hat_t,1996,758.276033881939,1098.53676205029,143.561997997333,2434.4057116647
index_hat_t,1997,497.888139710912,731.888099628039,86.2773257452845,1492.85303577721
index_hat_t,1998,817.436808906071,1076.55786809716,153.418500363202,2408.93449580314
index_hat_t,1999,1015.20957602889,1399.23412579334,164.347920601207,2961.86648396469
index_hat_t,2000,1461.07750997984,2127.1126978571,255.484147964533,4511.55145123737
index_hat_t,2001,2293.36718931633,3328.96086072148,403.017871292267,6413.69560700376
index_hat_t,2002,3150.83058096439,4649.12423511799,564.380861129415,9031.38560091534
index_hat_t,2003,2754.15492743203,4003.32281573765,474.383596413074,8377.93301227625
index_hat_t,2004,3269.74664129773,4539.58534777519,571.443375018683,9510.20338492648
index_hat_t,2005,3950.34215509496,5206.51593665923,610.237007625849,11806.5335538849
index_hat_t,2006,3539.84565564716,6444.73619477484,521.467619421704,10067.0796846098
index_hat_t,2007,3463.94422297912,5794.73726336275,536.540650261332,9994.40884690842
index_hat_t,2008,4107.34073948482,6282.91981012893,664.506879692056,11913.6746635918
index_hat_t,2009,4015.89934791212,6447.41353318552,570.950901484904,12139.2669490401
index_hat_t,2010,3731.30652140107,5850.84128645535,568.810423734171,10762.7375382676
index_hat_t,2011,6534.28410488537,9815.943576894,1088.64787594088,20118.4747228739
index_hat_t,2012,5848.47520772952,7951.83805110518,979.333384156448,17351.1392604978
index_hat_t,2013,7782.01760339268,10281.4498258325,1101.48755963095,23425.3572213762
index_hat_t,2014,8705.44762210187,12642.1657800448,1325.95247407076,25980.6134936477
index_hat_t,2015,9196.07630799656,12111.6308634479,1530.76722395769,27259.8358439113
index_hat_t,2016,9507.53810400152,13139.6697532089,1439.42771342457,27410.9850562368
index_hat_t,2017,10988.4572766482,15527.0807181745,1763.148746597,31308.2370642769
index_hat_t,2018,10392.8689454445,14807.9214928531,1484.22601796972,30205.8676114329
index_hat_t,2019,12409.1115736011,16505.270428499,1768.56178274321,36464.5073227829
index_hat_t,2020,9631.95609742989,12603.1581698729,1553.55497303573,28481.2226186257
index_hat_t,2021,10542.2367307404,16808.6245550182,1619.72675770305,31517.6516910977
k,1990,8238.95259694234,9758.80903620027,1784.96550650469,23561.6070038227
log_b,1990,8.26277551200896,0.826358898941315,7.13448845183641,9.67192588010835
log_b,1991,6.73419518158038,0.915891915909166,5.39292392841152,8.27361931742692
log_b,1992,6.62821472872069,0.915244840756785,5.17435689927569,8.1865126192812
log_b,1993,6.50434643068381,0.903260237152802,5.22717073048057,8.06455660339479
log_b,1994,6.27767078680515,0.935612734078921,4.87908183791143,7.88190504136648
log_b,1995,5.97475251621,0.918015736003088,4.64539594283206,7.5412234253656
log_b,1996,6.16521460212129,0.884251041373093,4.96676656640722,7.7974570824619
log_b,1997,5.73471119465078,0.898838674032789,4.45756680529753,7.30844395722069
log_b,1998,6.26616914165247,0.875315102767824,5.0331693269984,7.78693973358239
log_b,1999,6.46070963699655,0.901654566564536,5.10198562215846,7.99357445150981
log_b,2000,6.80598976231748,0.909089035344132,5.54316025764769,8.4143963665557
log_b,2001,7.27177167334168,0.896096690343778,5.99898065963881,8.76618969402126
log_b,2002,7.58730550191031,0.889595572014388,6.3357288369465,9.10845844354281
log_b,2003,7.43961996387804,0.913988332319826,6.16201626102094,9.03335643283496
log_b,2004,7.61694312985311,0.91415983242005,6.34816535932617,9.16012019544922
log_b,2005,7.81013356019647,0.928559680604572,6.41384688239729,9.37640727555113
log_b,2006,7.64899822174138,0.93480474008614,6.25664712385542,9.21702577321807
log_b,2007,7.6298904120239,0.939455179194403,6.28514231594699,9.20978102394142
log_b,2008,7.81906969106764,0.934184282139681,6.4990451048707,9.38544215011971
log_b,2009,7.7805072474313,0.949839253886776,6.34730320064971,9.40420051492685
log_b,2010,7.71606846399175,0.93822197608327,6.34354717327221,9.28384517065095
log_b,2011,8.29126551469822,0.916111899656229,6.99269074274904,9.90939162231595
log_b,2012,8.20238315866705,0.916223986646931,6.88687201094501,9.76141338746236
log_b,2013,8.49023424753062,0.929501315642135,7.00441686768854,10.0615743483736
log_b,2014,8.57724452685125,0.937237971963502,7.18988632845648,10.1651058975604
log_b,2015,8.67409456362646,0.897307369463964,7.3335243422612,10.2131688189422
log_b,2016,8.6847496014469,0.923952420637221,7.27200049020809,10.2186966243172
log_b,2017,8.83895746742177,0.900763462481057,7.47485655013603,10.3516363381228
log_b,2018,8.75647263616363,0.950385942100526,7.30264871523783,10.315791476258
log_b,2019,8.95841401508716,0.926771235454595,7.47791923188092,10.5040945835278
log_b,2020,8.70013525888716,0.925251963175022,7.34830102344053,10.2569948599344
log_b,2021,8.7599026440726,0.92994415291245,7.39001274130341,10.3583020088053
log_b_div_bmsy,1990,0.319980471198641,0.101776433842414,0.156985836598678,0.479446463825161
log_b_div_bmsy,1991,-1.20859985922994,0.407405216249187,-1.83588722217425,-0.547969417137559
log_b_div_bmsy,1992,-1.31458031208963,0.442668527461225,-2.00497380132803,-0.590194476879306
log_b_div_bmsy,1993,-1.43844861012651,0.456410575896621,-2.1420473337996,-0.667293677040056
log_b_div_bmsy,1994,-1.66512425400517,0.476288934156229,-2.4216688200542,-0.933905352029096
log_b_div_bmsy,1995,-1.96804252460032,0.467461501555934,-2.68897671953492,-1.23494058642341
log_b_div_bmsy,1996,-1.77758043868903,0.462266610220212,-2.48214635551062,-1.03378411316396
log_b_div_bmsy,1997,-2.20808384615954,0.449921248240666,-2.9070354233862,-1.5022654556989
log_b_div_bmsy,1998,-1.67662589915785,0.472378135256271,-2.41523309457429,-0.909069218963965
log_b_div_bmsy,1999,-1.48208540381377,0.470676134319924,-2.22554869968959,-0.708866506022985
log_b_div_bmsy,2000,-1.13680527849284,0.464984287576499,-1.87842397403646,-0.403110517377694
log_b_div_bmsy,2001,-0.671023367468639,0.485343892819232,-1.40157517326905,0.111955359300356
log_b_div_bmsy,2002,-0.355489538900018,0.482326230515356,-1.11294049307402,0.436118504031697
log_b_div_bmsy,2003,-0.503175076932279,0.447582177137964,-1.24772647833255,0.21447473168243
log_b_div_bmsy,2004,-0.325851910957212,0.48480268245005,-1.08834114628203,0.445927652473889
log_b_div_bmsy,2005,-0.132661480613849,0.472826088041976,-0.87388617446842,0.638793953826138
log_b_div_bmsy,2006,-0.293796819068946,0.466098826771752,-1.03625503296754,0.440860243062158
log_b_div_bmsy,2007,-0.312904628786426,0.461371138876244,-1.00857762789551,0.469630368481307
log_b_div_bmsy,2008,-0.12372534974268,0.497087371907747,-0.893538296248656,0.64096680998651
log_b_div_bmsy,2009,-0.162287793379025,0.490483660921809,-0.951638259911106,0.622259410186617
log_b_div_bmsy,2010,-0.226726576818573,0.468849030809631,-0.972967783015143,0.501819870494855
log_b_div_bmsy,2011,0.348470473887898,0.505406375451421,-0.468382488568108,1.14598239164803
log_b_div_bmsy,2012,0.259588117856723,0.435160496676357,-0.457355236896725,0.927088449273914
log_b_div_bmsy,2013,0.547439206720296,0.433144231473084,-0.167937950074963,1.21552628674538
log_b_div_bmsy,2014,0.634449486040924,0.403518338993685,-0.0207419403068222,1.23813495798623
log_b_div_bmsy,2015,0.731299522816134,0.404799300703197,0.0492488141736228,1.33470884615095
log_b_div_bmsy,2016,0.74195456063658,0.376928913608292,0.0883757189159675,1.31212487268738
log_b_div_bmsy,2017,0.896162426611445,0.357392088047044,0.269675732129768,1.40530991090141
log_b_div_bmsy,2018,0.813677595353308,0.380304855590656,0.176077692477406,1.35234743604872
log_b_div_bmsy,2019,1.01561897427683,0.33055236978277,0.415862662990064,1.46302357639711
log_b_div_bmsy,2020,0.757340218076833,0.389963623860419,0.10287474980081,1.34627079464147
log_b_div_bmsy,2021,0.817107603262278,0.46829825475448,0.0571848530974775,1.56941714853745
log_c_div_msy,1990,-3.08650992178307,0.800486985194013,-4.48782893283687,-1.94001302861661
log_c_div_msy,1991,-3.89088273745324,0.800486985194013,-5.29220174850704,-2.74438584428678
log_c_div_msy,1992,-2.83227578339883,0.800486985194014,-4.23359479445263,-1.68577889023237
log_c_div_msy,1993,-2.83227578339883,0.800486985194014,-4.23359479445263,-1.68577889023237
log_c_div_msy,1994,-3.08650992178307,0.800486985194013,-4.48782893283687,-1.94001302861661
log_c_div_msy,1995,-3.77965710234301,0.800486985194014,-5.18097611339682,-2.63316020917656
log_c_div_msy,1996,-2.53444133948303,0.800486985194014,-3.93576035053683,-1.38794444631657
log_c_div_msy,1997,-4.32620080871108,0.800486985194013,-5.72751981976489,-3.17970391554463
log_c_div_msy,1998,-2.62975151928735,0.800486985194014,-4.03107053034116,-1.4832546261209
log_c_div_msy,1999,-2.71676289627698,0.800486985194013,-4.11808190733078,-1.57026600311053
log_c_div_msy,2000,-2.54970881161382,0.800486985194014,-3.95102782266762,-1.40321191844736
log_c_div_msy,2001,-1.85656163105387,0.800486985194014,-3.25788064210767,-0.710064737887414
log_c_div_msy,2002,-1.27305762794375,0.800486985194014,-2.67437663899756,-0.126560734777296
log_c_div_msy,2003,-1.99670826279711,0.800486985194013,-3.39802727385092,-0.850211369630656
log_c_div_msy,2004,-1.75428278193345,0.800486985194013,-3.15560179298726,-0.607785888766996
log_c_div_msy,2005,-1.41089010246766,0.800486985194014,-2.81220911352147,-0.264393209301209
log_c_div_msy,2006,-1.81882130307102,0.800486985194013,-3.22014031412483,-0.672324409904567
log_c_div_msy,2007,-2.18080129923945,0.800486985194013,-3.58212031029325,-1.03430440607299
log_c_div_msy,2008,-1.56504078229492,0.800486985194014,-2.96635979334873,-0.418543889128467
log_c_div_msy,2009,-2.13912860283888,0.800486985194014,-3.54044761389268,-0.992631709672424
log_c_div_msy,2010,-2.93990644759119,0.800486985194014,-4.34122545864499,-1.79340955442474
log_c_div_msy,2011,-1.50916032390047,0.800486985194013,-2.91047933495427,-0.362663430734011
log_c_div_msy,2012,-2.05126724704755,0.800486985194014,-3.45258625810135,-0.90477035388109
log_c_div_msy,2013,-1.9200750367762,0.800486985194013,-3.32139404783,-0.77357814360974
log_c_div_msy,2014,-1.87990899505086,0.800486985194014,-3.28122800610466,-0.733412101884405
log_c_div_msy,2015,-1.67424007425992,0.800486985194013,-3.07555908531372,-0.527743181093459
log_c_div_msy,2016,-1.72688380774534,0.800486985194014,-3.12820281879914,-0.580386914578881
log_c_div_msy,2017,-1.14436625552323,0.800486985194014,-2.54568526657703,0.00213063764322599
log_c_div_msy,2018,-1.3581200664876,0.800486985194014,-2.7594390775414,-0.211623173321145
log_c_div_msy,2019,-0.669656735240082,0.800486985194014,-2.07097574629389,0.476840157926374
log_c_div_msy,2020,-1.56504078229492,0.800486985194014,-2.96635979334873,-0.418543889128467
log_c_div_msy,2021,-1.48234906644981,0.800486985194014,-2.88366807750361,-0.335852173283354
log_depletion,1990,-0.373166709361304,0.101776433842414,-0.536161343961267,-0.213700716734784
log_depletion,1991,-1.90174703978989,0.407405216249187,-2.5290344027342,-1.2411165976975
log_depletion,1992,-2.00772749264958,0.442668527461225,-2.69812098188797,-1.28334165743925
log_depletion,1993,-2.13159579068645,0.456410575896621,-2.83519451435955,-1.3604408576
log_depletion,1994,-2.35827143456512,0.476288934156229,-3.11481600061415,-1.62705253258904
log_depletion,1995,-2.66118970516027,0.467461501555934,-3.38212390009487,-1.92808776698336
log_depletion,1996,-2.47072761924897,0.462266610220212,-3.17529353607056,-1.72693129372391
log_depletion,1997,-2.90123102671949,0.449921248240666,-3.60018260394615,-2.19541263625885
log_depletion,1998,-2.3697730797178,0.472378135256271,-3.10838027513424,-1.60221639952391
log_depletion,1999,-2.17523258437371,0.470676134319924,-2.91869588024953,-1.40201368658293
log_depletion,2000,-1.82995245905279,0.464984287576499,-2.57157115459641,-1.09625769793764
log_depletion,2001,-1.36417054802858,0.485343892819232,-2.09472235382899,-0.581191821259589
log_depletion,2002,-1.04863671945996,0.482326230515356,-1.80608767363396,-0.257028676528248
log_depletion,2003,-1.19632225749222,0.447582177137964,-1.94087365889249,-0.478672448877515
log_depletion,2004,-1.01899909151716,0.48480268245005,-1.78148832684197,-0.247219528086057
log_depletion,2005,-0.825808661173795,0.472826088041976,-1.56703335502837,-0.054353226733807
log_depletion,2006,-0.986943999628892,0.466098826771752,-1.72940221352749,-0.252286937497787
log_depletion,2007,-1.00605180934637,0.461371138876244,-1.70172480845546,-0.223516812078639
log_depletion,2008,-0.816872530302625,0.497087371907747,-1.5866854768086,-0.0521803705734352
log_depletion,2009,-0.85543497393897,0.490483660921809,-1.64478544047105,-0.0708877703733287
log_depletion,2010,-0.919873757378518,0.468849030809631,-1.66611496357509,-0.19132731006509
log_depletion,2011,-0.344676706672047,0.505406375451421,-1.16152966912805,0.452835211088083
log_depletion,2012,-0.433559062703222,0.435160496676357,-1.15050241745667,0.233941268713968
log_depletion,2013,-0.14570797383965,0.433144231473084,-0.861085130634908,0.522379106185438
log_depletion,2014,-0.0586976945190218,0.403518338993685,-0.713889120866767,0.544987777426289
log_depletion,2015,0.038152342256189,0.404799300703197,-0.643898366386323,0.641561665591008
log_depletion,2016,0.0488073800766346,0.376928913608292,-0.604771461643978,0.61897769212744
log_depletion,2017,0.2030152460515,0.357392088047044,-0.423471448430177,0.712162730341462
log_depletion,2018,0.120530414793363,0.380304855590656,-0.517069488082539,0.659200255488778
log_depletion,2019,0.322471793716888,0.33055236978277,-0.277284517569881,0.769876395837168
log_depletion,2020,0.0641930375168878,0.389963623860419,-0.590272430759135,0.653123614081525
log_depletion,2021,0.123960422702333,0.46829825475448,-0.635962327462468,0.8762699679775
log_ihat,1990,8.26277551200896,0.826358898941315,7.13448845183641,9.67192588010835
log_ihat,1991,6.73419518158038,0.915891915909166,5.39292392841152,8.27361931742692
log_ihat,1992,6.62821472872069,0.915244840756785,5.17435689927569,8.1865126192812
log_ihat,1993,6.50434643068381,0.903260237152802,5.22717073048057,8.06455660339479
log_ihat,1994,6.27767078680515,0.935612734078921,4.87908183791143,7.88190504136648
log_ihat,1995,5.97475251621,0.918015736003088,4.64539594283206,7.5412234253656
log_ihat,1996,6.16521460212129,0.884251041373093,4.96676656640722,7.7974570824619
log_ihat,1997,5.73471119465078,0.898838674032789,4.45756680529753,7.30844395722069
log_ihat,1998,6.26616914165247,0.875315102767824,5.0331693269984,7.78693973358239
log_ihat,1999,6.46070963699655,0.901654566564536,5.10198562215846,7.99357445150981
log_ihat,2000,6.80598976231748,0.909089035344132,5.54316025764769,8.4143963665557
log_ihat,2001,7.27177167334168,0.896096690343778,5.99898065963881,8.76618969402126
log_ihat,2002,7.58730550191031,0.889595572014388,6.3357288369465,9.10845844354281
log_ihat,2003,7.43961996387804,0.913988332319826,6.16201626102094,9.03335643283496
log_ihat,2004,7.61694312985311,0.91415983242005,6.34816535932617,9.16012019544922
log_ihat,2005,7.81013356019647,0.928559680604572,6.41384688239729,9.37640727555113
log_ihat,2006,7.64899822174138,0.93480474008614,6.25664712385542,9.21702577321807
log_ihat,2007,7.6298904120239,0.939455179194403,6.28514231594699,9.20978102394142
log_ihat,2008,7.81906969106764,0.934184282139681,6.4990451048707,9.38544215011971
log_ihat,2009,7.7805072474313,0.949839253886776,6.34730320064971,9.40420051492685
log_ihat,2010,7.71606846399175,0.93822197608327,6.34354717327221,9.28384517065095
log_ihat,2011,8.29126551469822,0.916111899656229,6.99269074274904,9.90939162231595
log_ihat,2012,8.20238315866705,0.916223986646931,6.88687201094501,9.76141338746236
log_ihat,2013,8.49023424753062,0.929501315642135,7.00441686768854,10.0615743483736
log_ihat,2014,8.57724452685125,0.937237971963502,7.18988632845648,10.1651058975604
log_ihat,2015,8.67409456362646,0.897307369463964,7.3335243422612,10.2131688189422
log_ihat,2016,8.6847496014469,0.923952420637221,7.27200049020809,10.2186966243172
log_ihat,2017,8.83895746742177,0.900763462481057,7.47485655013603,10.3516363381228
log_ihat,2018,8.75647263616363,0.950385942100526,7.30264871523783,10.315791476258
log_ihat,2019,8.95841401508716,0.926771235454595,7.47791923188092,10.5040945835278
log_ihat,2020,8.70013525888716,0.925251963175022,7.34830102344053,10.2569948599344
log_ihat,2021,8.7599026440726,0.92994415291245,7.39001274130341,10.3583020088053
log_sigma_ratio,1990,-0.000830370366580567,0.00969847791524209,-0.0169131483299847,0.0145179460672937
log_u_div_umsy,1990,-3.40649039298171,0.808333668979683,-4.79873385184753,-2.23765918188377
log_u_div_umsy,1991,-2.68228287822329,0.891721673041944,-4.23187015150158,-1.36756945697998
log_u_div_umsy,1992,-1.5176954713092,0.89421430153145,-3.05274366476161,-0.133580633695542
log_u_div_umsy,1993,-1.39382717327232,0.883518743290931,-2.92062568309903,-0.14088774381287
log_u_div_umsy,1994,-1.42138566777789,0.910089335539251,-2.98230316272039,-0.0865972771797159
log_u_div_umsy,1995,-1.81161457774269,0.894450532909299,-3.33466297689583,-0.531076641849822
log_u_div_umsy,1996,-0.756860900793997,0.862368477504792,-2.35258795849707,0.381592305602656
log_u_div_umsy,1997,-2.11811696255154,0.876501728113525,-3.6460207358572,-0.899391721732685
log_u_div_umsy,1998,-0.953125620129501,0.853861086490269,-2.47634435346683,0.252330406755923
log_u_div_umsy,1999,-1.23467749246321,0.876267462190294,-2.71472872397013,0.052770343642132
log_u_div_umsy,2000,-1.41290353312097,0.886649842112914,-2.98736175281599,-0.187353153243348
log_u_div_umsy,2001,-1.18553826358523,0.873343075118941,-2.68264305717348,0.0554409730889712
log_u_div_umsy,2002,-0.917568089043734,0.870887886562432,-2.37221133139007,0.318720916849489
log_u_div_umsy,2003,-1.49353318586483,0.893000018670912,-3.0307737451224,-0.244573528645232
log_u_div_umsy,2004,-1.42843087097624,0.887310422452092,-2.94771231304049,-0.186233000199195
log_u_div_umsy,2005,-1.27822862185382,0.901428227628409,-2.78770268854773,0.027400698158176
log_u_div_umsy,2006,-1.52502448400208,0.909985654671296,-3.08667124852041,-0.175952158030548
log_u_div_umsy,2007,-1.86789667045302,0.918357877611251,-3.41746441181634,-0.54770630322924
log_u_div_umsy,2008,-1.44131543255224,0.9114357629411,-3.00883707595449,-0.1014375857791
log_u_div_umsy,2009,-1.97684080945986,0.923032921670826,-3.51702221543155,-0.649917882565223
log_u_div_umsy,2010,-2.71317987077262,0.91434338938438,-4.27131273291078,-1.3500189806734
log_u_div_umsy,2011,-1.85763079778836,0.892955463703101,-3.39014308182345,-0.605885391703979
log_u_div_umsy,2012,-2.31085536490427,0.891186705495018,-3.82915213822853,-1.04932979314518
log_u_div_umsy,2013,-2.46751424349649,0.903351615265476,-3.99330477308246,-1.110219292333
log_u_div_umsy,2014,-2.51435848109178,0.90568195915787,-4.04774267979106,-1.17690457892244
log_u_div_umsy,2015,-2.40553959707605,0.868454316158114,-3.89430281571523,-1.14065943738712
log_u_div_umsy,2016,-2.46883836838192,0.891547301243074,-3.96272465566406,-1.12369520307092
log_u_div_umsy,2017,-2.04052868213468,0.866237644395246,-3.52878928410772,-0.727187227559453
log_u_div_umsy,2018,-2.17179766184091,0.91411402045971,-3.72474849622907,-0.728948584471835
log_u_div_umsy,2019,-1.68527570951692,0.891288956110073,-3.20591523890498,-0.303139229489154
log_u_div_umsy,2020,-2.32238100037176,0.890877224343273,-3.81026054202727,-0.990670359044713
log_u_div_umsy,2021,-2.29945666971209,0.907481041351522,-3.88629668617976,-1.00986636254776
m,1990,2,0,2,2
msy,1990,1202.56859097445,1411.68282664149,264.436107639659,3379.27115817848
pen,1990,0,0,0,0
plim,1990,0.05,0,0.05,0.05
proc_errors,1990,0.20175138476779,0.0891609234009463,0.098117330735918,0.359677355406862
proc_errors,1991,0.673955947623661,0.313408673385162,0.30224484706225,1.21436588819718
proc_errors,1992,0.702639907775702,0.361489518589846,0.291838515824151,1.39217089055398
proc_errors,1993,0.638612371278597,0.328186827033629,0.258716918261637,1.2507182268755
proc_errors,1994,0.588217491085118,0.31443870859092,0.236337925608839,1.15093344798436
proc_errors,1995,0.940895333323456,0.492204800562268,0.385924930194648,1.77587349028084
proc_errors,1996,0.54562833061169,0.26852679752839,0.231141807486731,1.0394523274575
proc_errors,1997,1.31544251154421,0.663802321413184,0.571364117541554,2.54564413227443
proc_errors,1998,1.00410067749318,0.518258171801933,0.402636571588698,1.96177425070218
proc_errors,1999,1.13666766376968,0.568488615109162,0.453896859755859,2.17876158604715
proc_errors,2000,1.28074424995713,0.639165585789296,0.546177925917468,2.43127813536494
proc_errors,2001,1.19606303368455,0.628734994209884,0.48849242948549,2.430853193363
proc_errors,2002,0.804503037641488,0.384978227994177,0.34562676196685,1.49001009781485
proc_errors,2003,1.02375658541374,0.498332299727654,0.434714169195996,1.97421045907899
proc_errors,2004,1.08160892447333,0.528255120129575,0.462761590917622,1.98568380488403
proc_errors,2005,0.803798296767712,0.407994374096797,0.358863208428981,1.51413455653323
proc_errors,2006,0.86507319156274,0.404371895875917,0.393111203373039,1.62225013110572
proc_errors,2007,1.0464793717454,0.504306451927668,0.445227848032271,1.87946165462571
proc_errors,2008,0.893966831213275,0.419720518903537,0.39566890846773,1.61556611047203
proc_errors,2009,0.836085462002779,0.401208689584958,0.367735683620019,1.5831582721946
proc_errors,2010,1.53952636940651,0.793822308086952,0.609123921594637,3.00227328536813
proc_errors,2011,0.980391492070848,0.437239925374582,0.470494358584439,1.70603944416332
proc_errors,2012,1.305222548523,0.569574001551005,0.595274161607094,2.27969113992403
proc_errors,2013,1.21716988250276,0.492784941543715,0.600325343694316,2.02953474264012
proc_errors,2014,1.28434677157582,0.50914237827093,0.605516328976661,2.17025064746939
proc_errors,2015,1.26900886909737,0.490013942080012,0.630312589975978,2.12397251073271
proc_errors,2016,1.43772354997538,0.501707566760727,0.71419629067529,2.25129829082194
proc_errors,2017,1.33796833726441,0.487663217239474,0.672527070821539,2.1512861877673
proc_errors,2018,1.61055247356741,0.513194195377401,0.862352006275282,2.44388444549515
proc_errors,2019,1.33854552035867,0.503763638350033,0.656042174397628,2.18846008948921
proc_errors,2020,1.39320418516236,0.649521823646383,0.606598707735359,2.60931796369734
r,1990,0.601109132477122,0.110072785217556,0.440587065638149,0.78312592684785
sigma_obs,1990,0.630763210175987,0.071320913627884,0.522047596496816,0.751021867472465
sigma_proc,1990,0.630209900966502,0.0709760542249999,0.521714415877537,0.749105152797649
sigma_ratio,1990,0.999216934540699,0.00968848362181198,0.983229076018567,1.01462384330312
terminal_ref,1990,1.26076750682395,0.605452111700678,0.529425820799774,2.40192423448911
u_t,1990,0.0132544767349543,0.0104239031151332,0.00239507847555777,0.0302910712214821
u_t,1991,0.0294830760751118,0.0269816269101486,0.00433773458967985,0.0773271288868125
u_t,1992,0.0939246676880484,0.0822873049399161,0.0136407702161557,0.277332925721074
u_t,1993,0.103567981171862,0.0837878781306527,0.0154100440276578,0.263066302083052
u_t,1994,0.103543905600599,0.0856303259766049,0.0143455026252562,0.288951751538325
u_t,1995,0.0689711036696273,0.0560590578899654,0.0100842281517191,0.182509028049589
u_t,1996,0.192044747664362,0.14575982818863,0.0271113862902555,0.459732074418051
u_t,1997,0.0501071955776504,0.0406256066664306,0.00736844721165408,0.127495843895113
u_t,1998,0.157995083574074,0.1219779493682,0.0249072813584766,0.391087246219074
u_t,1999,0.122812482137379,0.104911936648105,0.0185693890971939,0.334655909347775
u_t,2000,0.102758066656741,0.0874474639873226,0.0144074609163594,0.2544189704942
u_t,2001,0.127504909667747,0.104989003835299,0.0202691749766235,0.322566500220852
u_t,2002,0.164774641141701,0.127576301804558,0.0257990561675011,0.412842171725722
u_t,2003,0.0944059976377101,0.0749916996322584,0.0134878157079375,0.238203856078525
u_t,2004,0.101827427433625,0.0875926931597898,0.015141642485976,0.251993490776686
u_t,2005,0.120458926034208,0.105602252193929,0.0171939065564122,0.332657992773458
u_t,2006,0.0935049263054376,0.0797432553403166,0.0134100503621723,0.25888475234774
u_t,2007,0.0664204879199907,0.0561579826940893,0.00940526005976896,0.175196422351072
u_t,2008,0.101883332889376,0.0875478196108454,0.0146050656184447,0.261848371083612
u_t,2009,0.0608344911909557,0.0562426608187987,0.00807297777361065,0.171643486954629
u_t,2010,0.0289831804215766,0.0277124506913805,0.0040881796227725,0.0773544240446367
u_t,2011,0.0657754595027771,0.0541180443582642,0.00914586251087153,0.169017334232191
u_t,2012,0.0422404273448413,0.0359284294943455,0.00616674277427835,0.109258016804818
u_t,2013,0.0370756141673116,0.0346467920697176,0.00520803165759156,0.110759309102298
u_t,2014,0.035504755937881,0.0339699982087322,0.00488826030499808,0.0957802051745038
u_t,2015,0.0379526296615204,0.0321513169074751,0.00572271491777527,0.101909681341833
u_t,2016,0.0366370458083246,0.0332811329525437,0.00539932214021062,0.102818722879407
u_t,2017,0.0545840914366485,0.0450377331577399,0.00846422904106421,0.150299287290122
u_t,2018,0.0514275422208663,0.0535131825756145,0.0070847162132133,0.144182892264867
u_t,2019,0.0805021445002992,0.0724442309289542,0.0116825949427122,0.240874998652901
u_t,2020,0.0422109076108964,0.0369846353369771,0.00610935440539965,0.112001206795158
u_t,2021,0.0431408600464258,0.0382365589143838,0.00599665198870031,0.11668634900601
umsy,1990,0.300554566238561,0.0550363926087782,0.220293532819075,0.391562963423925
b,1990,3876.83939603515,0.826358898941315,1254.49508993416,15865.8753928347
b,1991,840.666627763661,0.915891915909166,219.845258498847,3919.1078493357
b,1992,756.13106588109,0.915244840756785,176.682952797543,3592.17310214476
b,1993,668.038916907892,0.903260237152802,186.265063246491,3179.74601597669
b,1994,532.546803067198,0.935612734078921,131.509861067327,2648.91404689259
b,1995,393.370736162812,0.918015736003088,104.1045770873,1884.13371265674
b,1996,475.903261827032,0.884251041373093,143.561938091431,2434.40361235805
b,1997,309.423594664368,0.898838674032789,86.2773239617431,1492.8524386971
b,1998,526.456728784553,0.875315102767824,153.418476311812,2408.93430979641
b,1999,639.514718887095,0.901654566564536,164.347916391834,2961.86510376413
b,2000,903.241321877389,0.909089035344132,255.484120658475,4511.55140938194
b,2001,1439.09780705152,0.896096690343778,403.017771761769,6413.68773411057
b,2002,1972.99012691111,0.889595572014388,564.38059455026,9031.36180077521
b,2003,1702.10323750641,0.913988332319826,474.38359237102,8377.93240093853
b,2004,2032.34002503232,0.91415983242005,571.443353493737,9510.20009164702
b,2005,2465.45970057873,0.928559680604572,610.236680294417,11806.520889265
b,2006,2098.54226204934,0.93480474008614,521.467589476889,10067.0779842032
b,2007,2058.82438507663,0.939455179194403,536.540643494033,9994.40808371182
b,2008,2487.59010394367,0.934184282139681,664.506795688462,11913.6746561091
b,2009,2393.4886036132,0.949839253886776,570.95089096934,12139.2649490579
b,2010,2244.11937802679,0.93822197608327,568.810406167863,10762.7370134696
b,2011,3988.87898671615,0.916111899656229,1088.64680726717,20118.4306630241
b,2012,3649.63761712077,0.916223986646931,979.333277393127,17351.1382335505
b,2013,4867.00602387583,0.929501315642135,1101.48755471323,23425.3570293986
b,2014,5309.45528892776,0.937237971963502,1325.95247397607,25980.6133258233
b,2015,5849.40112754904,0.897307369463964,1530.76722394763,27259.8122798817
b,2016,5912.059941001,0.923952420637221,1439.42713457859,27410.9164692291
b,2017,6897.7977117007,0.900763462481057,1763.148746597,31308.2317801846
b,2018,6351.66737502858,0.950385942100526,1484.22601781144,30205.8676113699
b,2019,7773.01978897116,0.926771235454595,1768.55698770994,36464.5043750796
b,2020,6003.72421940124,0.925251963175022,1553.55483114025,28481.067860774
b,2021,6373.49105065387,0.92994415291245,1619.72675023219,31517.6192214682
b_div_bmsy,1990,1.377100870944,0.101776433842414,1.16997904290084,1.61518009408883
b_div_bmsy,1991,0.298615090026906,0.407405216249187,0.159471951932401,0.578122545042429
b_div_bmsy,1992,0.26858702231451,0.442668527461225,0.134663823662634,0.554219491376056
b_div_bmsy,1993,0.237295611275305,0.456410575896621,0.117414210696373,0.513095302074912
b_div_bmsy,1994,0.189167151745389,0.476288934156229,0.0887733470336585,0.393015844147302
b_div_bmsy,1995,0.139730106933937,0.467461501555934,0.0679504361622614,0.290852042414609
b_div_bmsy,1996,0.16904667163085,0.462266610220212,0.0835636756164391,0.355658558691717
b_div_bmsy,1997,0.109911053354107,0.449921248240666,0.0546374669665326,0.222625240807673
b_div_bmsy,1998,0.187003882715642,0.472378135256271,0.0893465103075443,0.402899060366124
b_div_bmsy,1999,0.227163466524199,0.470676134319924,0.108008138340797,0.492201789151333
b_div_bmsy,2000,0.320842388338825,0.464984287576499,0.152830781330996,0.668238243304124
b_div_bmsy,2001,0.51118517973456,0.485343892819232,0.246208836759809,1.11846293056285
b_div_bmsy,2002,0.700830275536278,0.482326230515356,0.328591318602887,1.54669207313601
b_div_bmsy,2003,0.604607932225375,0.447582177137964,0.287156912742582,1.23921080780665
b_div_bmsy,2004,0.721912086786118,0.48480268245005,0.336774690542807,1.5619384600624
b_div_bmsy,2005,0.875761504182134,0.472826088041976,0.417326589916239,1.89419501450299
b_div_bmsy,2006,0.745427932799189,0.466098826771752,0.354780839748864,1.55404349880414
b_div_bmsy,2007,0.731319656086179,0.461371138876244,0.364737403096167,1.59940289422193
b_div_bmsy,2008,0.883622494704302,0.497087371907747,0.409205298624344,1.89831530258477
b_div_bmsy,2009,0.850196488407847,0.490483660921809,0.386107959842753,1.86313287122867
b_div_bmsy,2010,0.797138708697487,0.468849030809631,0.377959669682973,1.65172446177547
b_div_bmsy,2011,1.41689870679575,0.505406375451421,0.626014034647843,3.14552998185385
b_div_bmsy,2012,1.29639601431698,0.435160496676357,0.632955450990502,2.52714055784201
b_div_bmsy,2013,1.7288201933832,0.433144231473084,0.845406290454152,3.37206827224581
b_div_bmsy,2014,1.88598359532208,0.403518338993685,0.979471694123263,3.44917460670436
b_div_bmsy,2015,2.07777897518444,0.404799300703197,1.0504816929602,3.79888972402138
b_div_bmsy,2016,2.10003615371633,0.376928913608292,1.0923984797064,3.71405723227798
b_div_bmsy,2017,2.45018229181564,0.357392088047044,1.30953974021444,4.07678998717035
b_div_bmsy,2018,2.25619010244374,0.380304855590656,1.19253070571654,3.86649122685097
b_div_bmsy,2019,2.76107190104506,0.33055236978277,1.51567769593319,4.31899862836593
b_div_bmsy,2020,2.13259642891074,0.389963623860419,1.10835257900065,3.84306718798215
b_div_bmsy,2021,2.26394213951329,0.46829825475448,1.05885152428982,4.80384744813408
c_div_msy,1990,0.0456610372287891,0.800486985194013,0.0112450310444965,0.143702077526232
c_div_msy,1991,0.0204273061286688,0.800486985194013,0.00503067178306424,0.0642877715248934
c_div_msy,1992,0.0588787059002807,0.800486985194014,0.0145001716100087,0.185300047336457
c_div_msy,1993,0.0588787059002807,0.800486985194014,0.0145001716100087,0.185300047336457
c_div_msy,1994,0.0456610372287891,0.800486985194013,0.0112450310444965,0.143702077526232
c_div_msy,1995,0.0228305186143946,0.800486985194014,0.00562251552224827,0.0718510387631161
c_div_msy,1996,0.0793060120289495,0.800486985194014,0.0195308433930729,0.249587818861351
c_div_msy,1997,0.0132176686714916,0.800486985194013,0.00325514056551216,0.0415979698102251
c_div_msy,1998,0.0720963745717723,0.800486985194014,0.0177553121755209,0.226898017146683
c_div_msy,1999,0.0660883433574579,0.800486985194013,0.0162757028275608,0.207989849051126
c_div_msy,2000,0.0781044057860866,0.800486985194014,0.0192349215234809,0.245806185242239
c_div_msy,2001,0.156208811572173,0.800486985194014,0.0384698430469619,0.491612370484479
c_div_msy,2002,0.279974254587049,0.800486985194014,0.0689497956149393,0.881120633252951
c_div_msy,2003,0.135781505443504,0.800486985194013,0.0334391712638976,0.427324598959586
c_div_msy,2004,0.173031298972253,0.800486985194013,0.0426127492212501,0.544555241152038
c_div_msy,2005,0.243926067301163,0.800486985194014,0.0600721395271789,0.767671624679609
c_div_msy,2006,0.162216842786488,0.800486985194013,0.0399494523949219,0.510520538580036
c_div_msy,2007,0.11295098682911,0.800486985194013,0.0278166557416493,0.355473560196469
c_div_msy,2008,0.20907948625814,0.800486985194014,0.0514904053090105,0.65800424972538
c_div_msy,2009,0.117757411800561,0.800486985194014,0.0290003432200174,0.370600094672915
c_div_msy,2010,0.0528706746859663,0.800486985194014,0.0130205622620486,0.166391879240901
c_div_msy,2011,0.221095548686768,0.800486985194013,0.0544496240049306,0.695820585916493
c_div_msy,2012,0.128571867986327,0.800486985194014,0.0316636400463455,0.404634797244917
c_div_msy,2013,0.14659596162927,0.800486985194013,0.0361024680902257,0.461359301531588
c_div_msy,2014,0.152603992843585,0.800486985194014,0.0375820774381858,0.480267469627145
c_div_msy,2015,0.187450573886608,0.800486985194013,0.0461638116563542,0.589934844581375
c_div_msy,2016,0.177837723943705,0.800486985194014,0.0437964366996181,0.559681775628484
c_div_msy,2017,0.318425654358661,0.800486985194014,0.0784192954418838,1.00213290906451
c_div_msy,2018,0.257143735972654,0.800486985194014,0.063327280092691,0.809269594489834
c_div_msy,2019,0.511884259459583,0.800486985194014,0.126062716446198,1.61097592174145
c_div_msy,2020,0.20907948625814,0.800486985194014,0.0514904053090105,0.65800424972538
c_div_msy,2021,0.227103579901083,0.800486985194014,0.0559292333528907,0.71472875401205
depletion,1990,0.688550435472,0.101776433842414,0.58498952145042,0.807590047044413
depletion,1991,0.149307545013453,0.407405216249187,0.0797359759662006,0.289061272521215
depletion,1992,0.134293511157255,0.442668527461225,0.0673319118313171,0.277109745688028
depletion,1993,0.118647805637653,0.456410575896621,0.0587071053481865,0.256547651037456
depletion,1994,0.0945835758726943,0.476288934156229,0.0443866735168293,0.196507922073651
depletion,1995,0.0698650534669684,0.467461501555934,0.0339752180811307,0.145426021207305
depletion,1996,0.084523335815425,0.462266610220212,0.0417818378082195,0.177829279345858
depletion,1997,0.0549555266770537,0.449921248240666,0.0273187334832663,0.111312620403836
depletion,1998,0.0935019413578211,0.472378135256271,0.0446732551537722,0.201449530183062
depletion,1999,0.1135817332621,0.470676134319924,0.0540040691703983,0.246100894575667
depletion,2000,0.160421194169412,0.464984287576499,0.0764153906654979,0.334119121652062
depletion,2001,0.25559258986728,0.485343892819232,0.123104418379905,0.559231465281425
depletion,2002,0.350415137768139,0.482326230515356,0.164295659301443,0.773346036568005
depletion,2003,0.302303966112688,0.447582177137964,0.143578456371291,0.619605403903323
depletion,2004,0.360956043393059,0.48480268245005,0.168387345271403,0.7809692300312
depletion,2005,0.437880752091067,0.472826088041976,0.20866329495812,0.947097507251494
depletion,2006,0.372713966399595,0.466098826771752,0.177390419874432,0.777021749402072
depletion,2007,0.365659828043089,0.461371138876244,0.182368701548083,0.799701447110963
depletion,2008,0.441811247352151,0.497087371907747,0.204602649312172,0.949157651292386
depletion,2009,0.425098244203923,0.490483660921809,0.193053979921377,0.931566435614333
depletion,2010,0.398569354348744,0.468849030809631,0.188979834841487,0.825862230887733
depletion,2011,0.708449353397877,0.505406375451421,0.313007017323922,1.57276499092693
depletion,2012,0.648198007158489,0.435160496676357,0.316477725495251,1.26357027892101
depletion,2013,0.864410096691601,0.433144231473084,0.422703145227076,1.6860341361229
depletion,2014,0.94299179766104,0.403518338993685,0.489735847061632,1.72458730335218
depletion,2015,1.03888948759222,0.404799300703197,0.525240846480098,1.89944486201069
depletion,2016,1.05001807685817,0.376928913608292,0.5461992398532,1.85702861613899
depletion,2017,1.22509114590782,0.357392088047044,0.654769870107219,2.03839499358517
depletion,2018,1.12809505122187,0.380304855590656,0.596265352858271,1.93324561342548
depletion,2019,1.38053595052253,0.33055236978277,0.757838847966593,2.15949931418297
depletion,2020,1.06629821445537,0.389963623860419,0.554176289500325,1.92153359399108
depletion,2021,1.13197106975665,0.46829825475448,0.529425762144908,2.40192372406704
ihat,1990,3876.83939603515,0.826358898941315,1254.49508993416,15865.8753928347
ihat,1991,840.666627763661,0.915891915909166,219.845258498847,3919.1078493357
ihat,1992,756.13106588109,0.915244840756785,176.682952797543,3592.17310214476
ihat,1993,668.038916907892,0.903260237152802,186.265063246491,3179.74601597669
ihat,1994,532.546803067198,0.935612734078921,131.509861067327,2648.91404689259
ihat,1995,393.370736162812,0.918015736003088,104.1045770873,1884.13371265674
ihat,1996,475.903261827032,0.884251041373093,143.561938091431,2434.40361235805
ihat,1997,309.423594664368,0.898838674032789,86.2773239617431,1492.8524386971
ihat,1998,526.456728784553,0.875315102767824,153.418476311812,2408.93430979641
ihat,1999,639.514718887095,0.901654566564536,164.347916391834,2961.86510376413
ihat,2000,903.241321877389,0.909089035344132,255.484120658475,4511.55140938194
ihat,2001,1439.09780705152,0.896096690343778,403.017771761769,6413.68773411057
ihat,2002,1972.99012691111,0.889595572014388,564.38059455026,9031.36180077521
ihat,2003,1702.10323750641,0.913988332319826,474.38359237102,8377.93240093853
ihat,2004,2032.34002503232,0.91415983242005,571.443353493737,9510.20009164702
ihat,2005,2465.45970057873,0.928559680604572,610.236680294417,11806.520889265
ihat,2006,2098.54226204934,0.93480474008614,521.467589476889,10067.0779842032
ihat,2007,2058.82438507663,0.939455179194403,536.540643494033,9994.40808371182
ihat,2008,2487.59010394367,0.934184282139681,664.506795688462,11913.6746561091
ihat,2009,2393.4886036132,0.949839253886776,570.95089096934,12139.2649490579
ihat,2010,2244.11937802679,0.93822197608327,568.810406167863,10762.7370134696
ihat,2011,3988.87898671615,0.916111899656229,1088.64680726717,20118.4306630241
ihat,2012,3649.63761712077,0.916223986646931,979.333277393127,17351.1382335505
ihat,2013,4867.00602387583,0.929501315642135,1101.48755471323,23425.3570293986
ihat,2014,5309.45528892776,0.937237971963502,1325.95247397607,25980.6133258233
ihat,2015,5849.40112754904,0.897307369463964,1530.76722394763,27259.8122798817
ihat,2016,5912.059941001,0.923952420637221,1439.42713457859,27410.9164692291
ihat,2017,6897.7977117007,0.900763462481057,1763.148746597,31308.2317801846
ihat,2018,6351.66737502858,0.950385942100526,1484.22601781144,30205.8676113699
ihat,2019,7773.01978897116,0.926771235454595,1768.55698770994,36464.5043750796
ihat,2020,6003.72421940124,0.925251963175022,1553.55483114025,28481.067860774
ihat,2021,6373.49105065387,0.92994415291245,1619.72675023219,31517.6192214682
sigma_ratio,1990,0.999169974295487,0.00969847791524209,0.983229076013924,1.01462384329578
u_div_umsy,1990,0.0331573657327575,0.808333668979683,0.00824017372750832,0.106707996268575
u_div_umsy,1991,0.0684068113464334,0.891721673041944,0.0145252008057741,0.254725328631584
u_div_umsy,1992,0.219216495990394,0.89421430153145,0.0472291654680322,0.874956915123639
u_div_umsy,1993,0.248123872092902,0.883518743290931,0.0538999524585043,0.86858681046868
u_div_umsy,1994,0.241379313519754,0.910089335539251,0.0506759843168923,0.91704633676432
u_div_umsy,1995,0.163390117672984,0.894450532909299,0.0356265911726314,0.587971593955573
u_div_umsy,1996,0.46913678491187,0.862368477504792,0.0951226698753822,1.46461484812829
u_div_umsy,1997,0.120257865502457,0.876501728113525,0.0260947603975815,0.406817042459907
u_div_umsy,1998,0.385534105093432,0.853861086490269,0.0840499214688173,1.2870212075434
u_div_umsy,1999,0.290928573897325,0.876267462190294,0.0662229152601368,1.05418751645169
u_div_umsy,2000,0.243435433174761,0.886649842112914,0.050420282574961,0.829150867356592
u_div_umsy,2001,0.305581651747585,0.873343075118941,0.0683821770895735,1.05700662339507
u_div_umsy,2002,0.399489383321535,0.870887886562432,0.0932742378050382,1.37536742946383
u_div_umsy,2003,0.224577777112078,0.893000018670912,0.0482782685958424,0.783038410495091
u_div_umsy,2004,0.239684723582579,0.887310422452092,0.0524595798759256,0.830080163604566
u_div_umsy,2005,0.278530246118734,0.901428227628409,0.0615624797768511,1.02777954963742
u_div_umsy,2006,0.217615728696052,0.909985654671296,0.0456536714767917,0.838658105432767
u_div_umsy,2007,0.154448175827233,0.918357877611251,0.0327954854489599,0.5782746771379
u_div_umsy,2008,0.236616301091459,0.9114357629411,0.0493490345827047,0.903537571175935
u_div_umsy,2009,0.13850611406439,0.923032921670826,0.0296877072715968,0.522088647581237
u_div_umsy,2010,0.0663255643078182,0.91434338938438,0.0139634408483493,0.259235340137871
u_div_umsy,2011,0.156041887557908,0.892955463703101,0.0337038541456481,0.545591150848367
u_div_umsy,2012,0.0991763832705602,0.891186705495018,0.0217280301884115,0.350172358398965
u_div_umsy,2013,0.0847953779058946,0.903351615265476,0.0184386776739155,0.329486699245276
u_div_umsy,2014,0.080914803936841,0.90568195915787,0.0174617469390804,0.308231369321241
u_div_umsy,2015,0.0902168017509985,0.868454316158114,0.0203575624753855,0.3196081907188
u_div_umsy,2016,0.0846831725391936,0.891547301243074,0.0190112445649437,0.325076349380621
u_div_umsy,2017,0.129959985190612,0.866237644395246,0.0293404172811295,0.483266398562
u_div_umsy,2018,0.113972548542845,0.91411402045971,0.0241191657251938,0.482415943148002
u_div_umsy,2019,0.185393310208922,0.891288956110073,0.040521797535299,0.73849626875409
u_div_umsy,2020,0.0980398745040243,0.890877224343273,0.0221424091772591,0.37132768469756
u_div_umsy,2021,0.100313332190506,0.907481041351522,0.0205212019428962,0.364267656120441
